{
  "strong_keywords": ["andhra", "amaravati", "vijayawada", "visakhapatnam", "vizag", "tirupati", "kadapa", "nellore", "guntur", "ysrcp", "ఆంధ్ర", "అమరావతి", "విజయవాడ", "విశాఖపట్నం", "విశాఖ", "తిరుపతి", "కడప", "నెల్లూరు", "గుంటూరు"],
  "districts": [
    {"en": "Srikakulam", "te": "శ్రీకాకుళం"},
    {"en": "Vizianagaram", "te": "విజయనగరం"},
    {"en": "Parvathipuram Manyam", "te": "పార్వతీపురం మన్యం"},
    {"en": "Visakhapatnam", "te": "విశాఖపట్నం"},
    {"en": "Anakapalli", "te": "అనకాపల్లి"},
    {"en": "Alluri Sitharama Raju", "te": "అల్లూరి సీతారామరాజు"},
    {"en": "Kakinada", "te": "కాకినాడ"},
    {"en": "Konaseema", "te": "కోనసీమ"},
    {"en": "Dr. B. R. Ambedkar Konaseema", "te": "డా. బి.ఆర్ అంబేడ్కర్ కోనసీమ"},
    {"en": "East Godavari", "te": "తూర్పు గోదావరి"},
    {"en": "West Godavari", "te": "పశ్చిమ గోదావరి"},
    {"en": "Eluru", "te": "ఏలూరు"},
    {"en": "Krishna", "te": "కృష్ణా"},
    {"en": "NTR", "te": "ఎన్టీఆర్ జిల్లా"},
    {"en": "Guntur", "te": "గుంటూరు"},
    {"en": "Bapatla", "te": "బాపట్ల"},
    {"en": "Palnadu", "te": "పల్నాడు"},
    {"en": "Prakasam", "te": "ప్రకాశం"},
    {"en": "Polavaram", "te": "పోలవరం"},
    {"en": "Markapuram", "te": "మార్కాపురం"},
    {"en": "Sri Potti Sriramulu Nellore", "te": "శ్రీ పొట్టి శ్రీరాములు నెల్లూరు"},
    {"en": "Nellore", "te": "నెల్లూరు"},
    {"en": "Kurnool", "te": "కర్నూలు"},
    {"en": "Nandyal", "te": "నంద్యాల"},
    {"en": "Ananthapuramu", "te": "అనంతపురం"},
    {"en": "Sri Sathya Sai", "te": "శ్రీ సత్యసాయి జిల్లా"},
    {"en": "YSR Kadapa", "te": "వైఎస్ఆర్ కడప"},
    {"en": "Kadapa", "te": "కడప"},
    {"en": "Annamayya", "te": "అన్నమయ్య జిల్లా"},
    {"en": "Tirupati", "te": "తిరుపతి"},
    {"en": "Chittoor", "te": "చిత్తూరు"}
  ],
  "mandals": [
    {"en": "Srikakulam", "te": "శ్రీకాకుళం"},
    {"en": "Vizianagaram", "te": "విజయనగరం"},
    {"en": "Visakhapatnam", "te": "విశాఖపట్నం"},
    {"en": "Anakapalle", "te": "అనకాపల్లి"},
    {"en": "Kakinada", "te": "కాకినాడ"},
    {"en": "Rajahmundry", "te": "రాజమండ్రి"},
    {"en": "Amalapuram", "te": "అమలాపురం"},
    {"en": "Eluru", "te": "ఏలూరు"},
    {"en": "Bhimavaram", "te": "భీమవరం"},
    {"en": "Vijayawada", "te": "విజయవాడ"},
    {"en": "Machilipatnam", "te": "మచిలీపట్నం"},
    {"en": "Guntur", "te": "గుంటూరు"},
    {"en": "Tenali", "te": "తెనాలి"},
    {"en": "Bapatla", "te": "బాపట్ల"},
    {"en": "Ongole", "te": "ఒంగోలు"},
    {"en": "Nellore", "te": "నెల్లూరు"},
    {"en": "Kurnool", "te": "కర్నూలు"},
    {"en": "Nandyal", "te": "నంద్యాల"},
    {"en": "Anantapur", "te": "అనంతపురం"},
    {"en": "Kadapa", "te": "కడప"},
    {"en": "Tirupati", "te": "తిరుపతి"},
    {"en": "Chittoor", "te": "చిత్తూరు"},
    {"en": "Madanapalle", "te": "మదనపల్లి"},
    {"en": "Puttaparthi", "te": "పుట్టపర్తి"},
    {"en": "Narasaraopeta", "te": "నరసరావుపేట"},
    {"en": "Tadipatri", "te": "తాడిపత్రి"},
    {"en": "Chirala", "te": "చీరాల"},
    {"en": "Nuzvid", "te": "నుజివీడు"},
    {"en": "Gudivada", "te": "గుడివాడ"},
    {"en": "Nandigama", "te": "నందిగామ"},
    {"en": "Mangalagiri", "te": "మంగళగిరి"},
    {"en": "Ponnur", "te": "పొన్నూరు"},
    {"en": "Repalle", "te": "రేపల్లె"},
    {"en": "Kovvur", "te": "కొవ్వూరు"},
    {"en": "Mandapeta", "te": "మండపేట"},
    {"en": "Ramachandrapuram", "te": "రామచంద్రపురం"},
    {"en": "Pithapuram", "te": "పీఠాపురం"},
    {"en": "Tuni", "te": "తుణి"},
    {"en": "Paderu", "te": "పాడేరు"},
    {"en": "Araku Valley", "te": "అరకు లోయ"}
  ],
  "political_parties": [
    {"en": "YSRCP", "te": "వైఎస్ఆర్ సీపీ"},
    {"en": "YSR Congress", "te": "వైఎస్ఆర్ కాంగ్రెస్"},
    {"en": "YSR Congress Party", "te": "వైఎస్ఆర్ కాంగ్రెస్ పార్టీ"},
    {"en": "Yuvajana Sramika Rythu Congress Party", "te": "యువజన శ్రామిక రైతు కాంగ్రెస్ పార్టీ"},
    {"en": "TDP", "te": "టీడీపీ"},
    {"en": "Telugu Desam Party", "te": "తెలుగు దేశం పార్టీ"},
    {"en": "Janasena", "te": "జనసేన"},
    {"en": "Jana Sena", "te": "జనసేన"},
    {"en": "Jana Sena Party", "te": "జనసేన పార్టీ"},
    {"en": "Lok Satta", "te": "లోక్ సత్తా"},
    {"en": "Lok Satta Party", "te": "లోక్ సత్తా పార్టీ"}
  ]
}
